user_id,issue,details
7,No wrong questions in future,"Future questions: 60, Wrong questions: 0"
188,No wrong questions in future,"Future questions: 60, Wrong questions: 0"
658,No wrong questions in future,"Future questions: 60, Wrong questions: 0"
894,No wrong questions in future,"Future questions: 60, Wrong questions: 0"
1182,No wrong questions in future,"Future questions: 60, Wrong questions: 0"
1565,No wrong questions in future,"Future questions: 60, Wrong questions: 0"
1622,No wrong questions in future,"Future questions: 60, Wrong questions: 0"
1689,No wrong questions in future,"Future questions: 60, Wrong questions: 0"
1848,No wrong questions in future,"Future questions: 60, Wrong questions: 0"
1857,No wrong questions in future,"Future questions: 60, Wrong questions: 0"
1884,No wrong questions in future,"Future questions: 60, Wrong questions: 0"
1961,No wrong questions in future,"Future questions: 60, Wrong questions: 0"
2028,No wrong questions in future,"Future questions: 60, Wrong questions: 0"
2112,No wrong questions in future,"Future questions: 60, Wrong questions: 0"
2241,No wrong questions in future,"Future questions: 60, Wrong questions: 0"
2341,No wrong questions in future,"Future questions: 60, Wrong questions: 0"
2496,No wrong questions in future,"Future questions: 60, Wrong questions: 0"
2651,No wrong questions in future,"Future questions: 60, Wrong questions: 0"
2736,No wrong questions in future,"Future questions: 60, Wrong questions: 0"
2756,No wrong questions in future,"Future questions: 60, Wrong questions: 0"
2920,No wrong questions in future,"Future questions: 60, Wrong questions: 0"
2982,No wrong questions in future,"Future questions: 60, Wrong questions: 0"
3272,No wrong questions in future,"Future questions: 60, Wrong questions: 0"
3359,No wrong questions in future,"Future questions: 60, Wrong questions: 0"
3461,No wrong questions in future,"Future questions: 60, Wrong questions: 0"
